{
  "project_info": {
    "project_number": "172815285401",
    "project_id": "health-and-fitness-app-42273",
    "storage_bucket": "health-and-fitness-app-42273.appspot.com"
  },
  "client": [
    {
      "client_info": {
        "mobilesdk_app_id": "1:172815285401:android:721605c43b95f7a8eecc08",
        "android_client_info": {
          "package_name": "com.example.healthandfitnessapp"
        }
      },
      "oauth_client": [
        {
          "client_id": "172815285401-a36fqmlq8en3sp243tbi0ot8hpk8j58o.apps.googleusercontent.com",
          "client_type": 3
        }
      ],
      "api_key": [
        {
          "current_key": "AIzaSyD-xzBiLZR5XV-OtBkdAFZOo3WDYEwg9Jk"
        }
      ],
      "services": {
        "appinvite_service": {
          "other_platform_oauth_client": [
            {
              "client_id": "172815285401-a36fqmlq8en3sp243tbi0ot8hpk8j58o.apps.googleusercontent.com",
              "client_type": 3
            }
          ]
        }
      }
    }
  ],
  "configuration_version": "1"
}